-- phpMyAdmin SQL Dump
-- version 3.3.8.1
-- http://www.phpmyadmin.net
--
-- 主机: w.rdc.sae.sina.com.cn:3307
-- 生成日期: 2014 年 12 月 16 日 17:06
-- 服务器版本: 5.5.23
-- PHP 版本: 5.3.3

SET SQL_MODE="NO_AUTO_VALUE_ON_ZERO";


/*!40101 SET @OLD_CHARACTER_SET_CLIENT=@@CHARACTER_SET_CLIENT */;
/*!40101 SET @OLD_CHARACTER_SET_RESULTS=@@CHARACTER_SET_RESULTS */;
/*!40101 SET @OLD_COLLATION_CONNECTION=@@COLLATION_CONNECTION */;
/*!40101 SET NAMES utf8 */;

--
-- 数据库: `app_guangxibei`
--

-- --------------------------------------------------------

--
-- 表的结构 `allgametable`
--

CREATE TABLE IF NOT EXISTS `allgametable` (
  `GameID` int(11) NOT NULL AUTO_INCREMENT,
  `HomeTeamID` int(11) DEFAULT NULL,
  `AwayTeamID` int(11) DEFAULT NULL,
  `Date` date DEFAULT NULL,
  `HomeScore` int(11) DEFAULT '0',
  `AwayScore` int(11) DEFAULT '0',
  `State` int(11) DEFAULT '0',
  PRIMARY KEY (`GameID`)
) ENGINE=MyISAM  DEFAULT CHARSET=utf8 AUTO_INCREMENT=9 ;

--
-- 转存表中的数据 `allgametable`
--

INSERT INTO `allgametable` (`GameID`, `HomeTeamID`, `AwayTeamID`, `Date`, `HomeScore`, `AwayScore`, `State`) VALUES
(1, 201201, 201204, '2014-12-14', 62, 66, 7),
(8, 201205, 201206, '2014-12-16', 75, 76, 5),
(7, 201202, 201203, '2014-12-16', 0, 0, 1),
(5, 201201, 201204, '2014-12-16', 85, 64, 7),
(6, 201207, 201208, '2014-12-16', 62, 42, 7);

-- --------------------------------------------------------

--
-- 表的结构 `gametable20141214_201201_201204`
--

CREATE TABLE IF NOT EXISTS `gametable20141214_201201_201204` (
  `PlayerID` int(11) DEFAULT NULL,
  `Event` varchar(45) DEFAULT NULL,
  `Time` datetime DEFAULT NULL
) ENGINE=MyISAM DEFAULT CHARSET=utf8;

--
-- 转存表中的数据 `gametable20141214_201201_201204`
--

INSERT INTO `gametable20141214_201201_201204` (`PlayerID`, `Event`, `Time`) VALUES
(43, 'Score', '2014-12-14 20:40:49'),
(43, 'Score', '2014-12-14 20:40:49'),
(43, 'Score', '2014-12-14 20:40:49'),
(43, 'Score', '2014-12-14 20:40:50'),
(36, 'Score', '2014-12-14 20:40:51'),
(36, 'Score', '2014-12-14 20:40:51'),
(36, 'Score', '2014-12-14 20:40:51'),
(41, 'Score', '2014-12-14 20:40:52'),
(41, 'Score', '2014-12-14 20:40:52'),
(41, 'Score', '2014-12-14 20:40:52'),
(41, 'Score', '2014-12-14 20:40:52'),
(41, 'Score', '2014-12-14 20:40:52'),
(41, 'Score', '2014-12-14 20:40:53'),
(41, 'Fouls', '2014-12-14 20:40:53'),
(65, 'Score', '2014-12-14 20:40:54'),
(65, 'Score', '2014-12-14 20:40:54'),
(65, 'Score', '2014-12-14 20:40:55'),
(65, 'Score', '2014-12-14 20:40:55'),
(64, 'Score', '2014-12-14 20:40:55'),
(64, 'Score', '2014-12-14 20:40:56'),
(64, 'Score', '2014-12-14 20:40:56'),
(64, 'Score', '2014-12-14 20:40:56'),
(65, 'Fouls', '2014-12-14 20:40:57'),
(65, 'Fouls', '2014-12-14 20:40:57'),
(67, 'Score', '2014-12-14 20:40:58'),
(67, 'Score', '2014-12-14 20:40:58'),
(67, 'Score', '2014-12-14 20:40:59'),
(67, 'Score', '2014-12-14 20:40:59'),
(68, 'Score', '2014-12-14 20:40:59'),
(68, 'Score', '2014-12-14 20:40:59'),
(68, 'Score', '2014-12-14 20:40:59'),
(68, 'Score', '2014-12-14 20:40:59'),
(68, 'Score', '2014-12-14 20:41:00'),
(34, 'Score', '2014-12-14 20:41:00'),
(34, 'Score', '2014-12-14 20:41:01'),
(34, 'Score', '2014-12-14 20:41:01'),
(34, 'Score', '2014-12-14 20:41:01'),
(34, 'Fouls', '2014-12-14 20:41:02'),
(32, 'Fouls', '2014-12-14 20:41:03'),
(32, 'Fouls', '2014-12-14 20:41:03'),
(43, 'Fouls', '2014-12-14 20:41:04'),
(32, 'Score', '2014-12-14 20:41:05'),
(32, 'Score', '2014-12-14 20:41:06'),
(32, 'Score', '2014-12-14 20:41:06'),
(32, 'Score', '2014-12-14 20:41:07'),
(32, 'Score', '2014-12-14 20:41:07'),
(67, 'Score', '2014-12-14 20:41:09'),
(67, 'Score', '2014-12-14 20:41:09'),
(67, 'Score', '2014-12-14 20:41:09'),
(66, 'Score', '2014-12-14 20:41:11'),
(42, 'Score', '2014-12-14 20:41:30'),
(42, 'Score', '2014-12-14 20:41:30'),
(42, 'Score', '2014-12-14 20:41:30'),
(42, 'Score', '2014-12-14 20:41:30'),
(42, 'Score', '2014-12-14 20:41:31'),
(42, 'Score', '2014-12-14 20:41:31'),
(42, 'Score', '2014-12-14 20:41:31'),
(42, 'Score', '2014-12-14 20:41:31'),
(42, 'Fouls', '2014-12-14 20:41:33'),
(42, 'Fouls', '2014-12-14 20:41:34'),
(40, 'Score', '2014-12-14 20:41:38'),
(40, 'Score', '2014-12-14 20:41:38'),
(40, 'Score', '2014-12-14 20:41:38'),
(40, 'Score', '2014-12-14 20:41:38'),
(40, 'Score', '2014-12-14 20:41:38'),
(40, 'Score', '2014-12-14 20:41:38'),
(40, 'Score', '2014-12-14 20:41:39'),
(40, 'Score', '2014-12-14 20:41:39'),
(40, 'Fouls', '2014-12-14 20:41:39'),
(38, 'Score', '2014-12-14 20:41:44'),
(38, 'Score', '2014-12-14 20:41:44'),
(38, 'Score', '2014-12-14 20:41:44'),
(38, 'Fouls', '2014-12-14 20:41:45'),
(37, 'Score', '2014-12-14 20:41:48'),
(37, 'Score', '2014-12-14 20:41:48'),
(37, 'Score', '2014-12-14 20:41:48'),
(37, 'Score', '2014-12-14 20:41:48'),
(37, 'Score', '2014-12-14 20:41:49'),
(37, 'Score', '2014-12-14 20:41:49'),
(30, 'Score', '2014-12-14 20:41:58'),
(30, 'Score', '2014-12-14 20:41:58'),
(30, 'Score', '2014-12-14 20:41:59'),
(30, 'Score', '2014-12-14 20:41:59'),
(30, 'Score', '2014-12-14 20:42:00'),
(30, 'Score', '2014-12-14 20:42:00'),
(30, 'Score', '2014-12-14 20:42:00'),
(30, 'Score', '2014-12-14 20:42:00'),
(30, 'Score', '2014-12-14 20:42:00'),
(30, 'Score', '2014-12-14 20:42:00'),
(30, 'Score', '2014-12-14 20:42:00'),
(30, 'Score', '2014-12-14 20:42:01'),
(30, 'Score', '2014-12-14 20:42:01'),
(30, 'Score', '2014-12-14 20:42:01'),
(30, 'Score', '2014-12-14 20:42:01'),
(66, 'Score', '2014-12-14 20:42:14'),
(66, 'Score', '2014-12-14 20:42:14'),
(66, 'Score', '2014-12-14 20:42:15'),
(66, 'Score', '2014-12-14 20:42:15'),
(66, 'Score', '2014-12-14 20:42:16'),
(66, 'Score', '2014-12-14 20:42:16'),
(66, 'Score', '2014-12-14 20:42:16'),
(66, 'Score', '2014-12-14 20:42:16'),
(66, 'Score', '2014-12-14 20:42:16'),
(66, 'Fouls', '2014-12-14 20:42:16'),
(66, 'Fouls', '2014-12-14 20:42:17'),
(66, 'Fouls', '2014-12-14 20:42:17'),
(67, 'Fouls', '2014-12-14 20:42:18'),
(68, 'Fouls', '2014-12-14 20:42:18'),
(69, 'Score', '2014-12-14 20:42:26'),
(69, 'Score', '2014-12-14 20:42:26'),
(69, 'Score', '2014-12-14 20:42:26'),
(69, 'Score', '2014-12-14 20:42:26'),
(69, 'Score', '2014-12-14 20:42:26'),
(69, 'Score', '2014-12-14 20:42:27'),
(70, 'Fouls', '2014-12-14 20:42:27'),
(70, 'Fouls', '2014-12-14 20:42:28'),
(70, 'Fouls', '2014-12-14 20:42:28'),
(70, 'Fouls', '2014-12-14 20:42:28'),
(69, 'Fouls', '2014-12-14 20:42:29'),
(70, 'Score', '2014-12-14 20:42:29'),
(70, 'Score', '2014-12-14 20:42:29'),
(70, 'Score', '2014-12-14 20:42:29'),
(70, 'Score', '2014-12-14 20:42:29'),
(70, 'Score', '2014-12-14 20:42:30'),
(70, 'Score', '2014-12-14 20:42:30'),
(70, 'Score', '2014-12-14 20:42:30'),
(70, 'Score', '2014-12-14 20:42:30'),
(70, 'Score', '2014-12-14 20:42:31'),
(70, 'Score', '2014-12-14 20:42:31'),
(70, 'Score', '2014-12-14 20:42:31'),
(70, 'Score', '2014-12-14 20:42:32'),
(70, 'Score', '2014-12-14 20:42:32'),
(70, 'Score', '2014-12-14 20:42:31'),
(70, 'Score', '2014-12-14 20:42:32'),
(70, 'Score', '2014-12-14 20:42:32'),
(70, 'Score', '2014-12-14 20:42:33'),
(71, 'Score', '2014-12-14 20:42:40'),
(71, 'Score', '2014-12-14 20:42:40'),
(71, 'Score', '2014-12-14 20:42:41'),
(71, 'Score', '2014-12-14 20:42:41'),
(71, 'Fouls', '2014-12-14 20:42:42'),
(72, 'Score', '2014-12-14 20:42:44'),
(72, 'Score', '2014-12-14 20:42:44'),
(72, 'Score', '2014-12-14 20:42:45'),
(72, 'Score', '2014-12-14 20:42:45'),
(72, 'Score', '2014-12-14 20:42:45'),
(72, 'Score', '2014-12-14 20:42:46'),
(72, 'Score', '2014-12-14 20:42:46'),
(72, 'Score', '2014-12-14 20:42:46'),
(72, 'Score', '2014-12-14 20:42:46'),
(72, 'Score', '2014-12-14 20:42:46'),
(72, 'Fouls', '2014-12-14 20:42:47');

-- --------------------------------------------------------

--
-- 表的结构 `gametable20141216_201201_201204`
--

CREATE TABLE IF NOT EXISTS `gametable20141216_201201_201204` (
  `PlayerID` int(11) DEFAULT NULL,
  `Event` varchar(45) DEFAULT NULL,
  `Time` datetime DEFAULT NULL
) ENGINE=MyISAM DEFAULT CHARSET=utf8;

--
-- 转存表中的数据 `gametable20141216_201201_201204`
--

INSERT INTO `gametable20141216_201201_201204` (`PlayerID`, `Event`, `Time`) VALUES
(43, 'Score', '2014-12-16 10:25:57'),
(43, 'Score', '2014-12-16 10:25:58'),
(43, 'Score', '2014-12-16 10:25:58'),
(43, 'Score', '2014-12-16 10:25:58'),
(43, 'Score', '2014-12-16 10:25:58'),
(43, 'Fouls', '2014-12-16 10:26:00'),
(43, 'Fouls', '2014-12-16 10:26:00'),
(36, 'Score', '2014-12-16 10:26:01'),
(36, 'Score', '2014-12-16 10:26:01'),
(36, 'Score', '2014-12-16 10:26:01'),
(36, 'Score', '2014-12-16 10:26:01'),
(41, 'Score', '2014-12-16 10:26:02'),
(41, 'Score', '2014-12-16 10:26:02'),
(41, 'Score', '2014-12-16 10:26:02'),
(41, 'CancelScore', '2014-12-16 10:26:13'),
(43, 'Score', '2014-12-16 15:24:47'),
(43, 'Score', '2014-12-16 15:24:47'),
(43, 'Score', '2014-12-16 15:24:48'),
(36, 'Score', '2014-12-16 15:24:48'),
(43, 'Score', '2014-12-16 15:24:48'),
(36, 'Score', '2014-12-16 15:24:48'),
(36, 'Score', '2014-12-16 15:24:49'),
(41, 'Score', '2014-12-16 15:24:49'),
(41, 'Score', '2014-12-16 15:24:49'),
(41, 'Score', '2014-12-16 15:24:49'),
(32, 'Score', '2014-12-16 15:24:50'),
(32, 'Score', '2014-12-16 15:24:50'),
(32, 'Score', '2014-12-16 15:24:50'),
(32, 'Fouls', '2014-12-16 15:24:51'),
(32, 'Score', '2014-12-16 15:24:51'),
(32, 'Fouls', '2014-12-16 15:24:52'),
(41, 'Fouls', '2014-12-16 15:24:52'),
(36, 'Fouls', '2014-12-16 15:24:53'),
(43, 'Fouls', '2014-12-16 15:24:54'),
(43, 'Score', '2014-12-16 15:24:55'),
(43, 'Score', '2014-12-16 15:24:55'),
(43, 'Score', '2014-12-16 15:24:55'),
(43, 'Score', '2014-12-16 15:24:56'),
(43, 'Score', '2014-12-16 15:24:56'),
(43, 'Score', '2014-12-16 15:24:56'),
(32, 'Score', '2014-12-16 15:24:57'),
(32, 'Score', '2014-12-16 15:24:57'),
(34, 'Score', '2014-12-16 15:24:57'),
(34, 'Score', '2014-12-16 15:24:58'),
(34, 'Score', '2014-12-16 15:24:58'),
(34, 'Score', '2014-12-16 15:24:58'),
(34, 'Score', '2014-12-16 15:24:58'),
(34, 'Score', '2014-12-16 15:24:58'),
(34, 'Score', '2014-12-16 15:24:58'),
(34, 'Score', '2014-12-16 15:24:59'),
(30, 'Score', '2014-12-16 15:25:01'),
(30, 'Score', '2014-12-16 15:25:02'),
(30, 'Score', '2014-12-16 15:25:02'),
(30, 'Score', '2014-12-16 15:25:02'),
(30, 'Score', '2014-12-16 15:25:02'),
(30, 'Score', '2014-12-16 15:25:02'),
(30, 'Score', '2014-12-16 15:25:03'),
(30, 'Score', '2014-12-16 15:25:03'),
(30, 'Score', '2014-12-16 15:25:03'),
(30, 'Score', '2014-12-16 15:25:03'),
(30, 'Score', '2014-12-16 15:25:03'),
(30, 'Score', '2014-12-16 15:25:04'),
(30, 'Score', '2014-12-16 15:25:04'),
(30, 'Score', '2014-12-16 15:25:04'),
(30, 'Score', '2014-12-16 15:25:04'),
(30, 'Score', '2014-12-16 15:25:04'),
(42, 'Score', '2014-12-16 15:25:06'),
(42, 'Score', '2014-12-16 15:25:07'),
(42, 'Score', '2014-12-16 15:25:07'),
(42, 'Score', '2014-12-16 15:25:07'),
(42, 'Score', '2014-12-16 15:25:07'),
(42, 'Score', '2014-12-16 15:25:07'),
(42, 'Score', '2014-12-16 15:25:08'),
(42, 'Score', '2014-12-16 15:25:08'),
(42, 'Score', '2014-12-16 15:25:08'),
(42, 'Fouls', '2014-12-16 15:25:09'),
(30, 'Fouls', '2014-12-16 15:25:10'),
(37, 'Score', '2014-12-16 15:25:15'),
(37, 'Score', '2014-12-16 15:25:16'),
(37, 'Score', '2014-12-16 15:25:16'),
(37, 'Score', '2014-12-16 15:25:16'),
(37, 'Score', '2014-12-16 15:25:16'),
(37, 'Score', '2014-12-16 15:25:16'),
(37, 'Score', '2014-12-16 15:25:16'),
(38, 'Score', '2014-12-16 15:25:17'),
(38, 'Score', '2014-12-16 15:25:17'),
(38, 'Score', '2014-12-16 15:25:17'),
(38, 'Score', '2014-12-16 15:25:18'),
(40, 'Score', '2014-12-16 15:25:18'),
(40, 'Score', '2014-12-16 15:25:18'),
(40, 'Score', '2014-12-16 15:25:18'),
(40, 'Score', '2014-12-16 15:25:19'),
(40, 'Score', '2014-12-16 15:25:19'),
(40, 'Score', '2014-12-16 15:25:19'),
(42, 'Fouls', '2014-12-16 15:25:20'),
(42, 'Fouls', '2014-12-16 15:25:20'),
(40, 'Fouls', '2014-12-16 15:25:24'),
(40, 'Fouls', '2014-12-16 15:25:24'),
(40, 'Fouls', '2014-12-16 15:25:24'),
(40, 'Fouls', '2014-12-16 15:25:24'),
(40, 'Fouls', '2014-12-16 15:25:24'),
(37, 'Fouls', '2014-12-16 15:25:25'),
(37, 'Fouls', '2014-12-16 15:25:26'),
(37, 'Fouls', '2014-12-16 15:25:26'),
(38, 'Fouls', '2014-12-16 15:25:32'),
(38, 'Fouls', '2014-12-16 15:25:33'),
(37, 'CancelFouls', '2014-12-16 15:25:34'),
(40, 'CancelFouls', '2014-12-16 15:25:36'),
(40, 'Fouls', '2014-12-16 15:25:39'),
(40, 'CancelFouls', '2014-12-16 15:25:41'),
(40, 'Fouls', '2014-12-16 15:25:44'),
(38, 'Score', '2014-12-16 15:25:46'),
(38, 'Score', '2014-12-16 15:25:46'),
(38, 'Score', '2014-12-16 15:25:46'),
(38, 'Score', '2014-12-16 15:25:46'),
(38, 'Score', '2014-12-16 15:25:47'),
(64, 'Score', '2014-12-16 15:25:59'),
(64, 'Score', '2014-12-16 15:26:00'),
(64, 'Score', '2014-12-16 15:26:00'),
(64, 'Score', '2014-12-16 15:26:00'),
(64, 'Score', '2014-12-16 15:26:00'),
(64, 'Score', '2014-12-16 15:26:00'),
(64, 'Score', '2014-12-16 15:26:00'),
(64, 'Score', '2014-12-16 15:26:01'),
(65, 'Score', '2014-12-16 15:26:01'),
(65, 'Score', '2014-12-16 15:26:02'),
(65, 'Score', '2014-12-16 15:26:01'),
(65, 'Score', '2014-12-16 15:26:02'),
(65, 'Score', '2014-12-16 15:26:02'),
(65, 'Score', '2014-12-16 15:26:02'),
(65, 'Score', '2014-12-16 15:26:02'),
(65, 'Score', '2014-12-16 15:26:02'),
(66, 'Score', '2014-12-16 15:26:03'),
(66, 'Score', '2014-12-16 15:26:03'),
(66, 'Score', '2014-12-16 15:26:04'),
(66, 'Score', '2014-12-16 15:26:04'),
(66, 'Score', '2014-12-16 15:26:04'),
(66, 'Score', '2014-12-16 15:26:04'),
(67, 'Score', '2014-12-16 15:26:09'),
(67, 'Score', '2014-12-16 15:26:09'),
(67, 'Score', '2014-12-16 15:26:09'),
(67, 'Score', '2014-12-16 15:26:09'),
(67, 'Score', '2014-12-16 15:26:10'),
(67, 'Score', '2014-12-16 15:26:10'),
(67, 'Score', '2014-12-16 15:26:10'),
(67, 'Score', '2014-12-16 15:26:10'),
(68, 'Score', '2014-12-16 15:26:11'),
(68, 'Score', '2014-12-16 15:26:11'),
(68, 'Score', '2014-12-16 15:26:11'),
(68, 'Score', '2014-12-16 15:26:12'),
(68, 'Score', '2014-12-16 15:26:12'),
(68, 'Score', '2014-12-16 15:26:12'),
(68, 'Score', '2014-12-16 15:26:12'),
(69, 'Score', '2014-12-16 15:26:13'),
(69, 'Score', '2014-12-16 15:26:13'),
(69, 'Score', '2014-12-16 15:26:13'),
(69, 'Score', '2014-12-16 15:26:13'),
(69, 'Score', '2014-12-16 15:26:14'),
(69, 'Score', '2014-12-16 15:26:14'),
(69, 'Score', '2014-12-16 15:26:14'),
(69, 'Score', '2014-12-16 15:26:14'),
(70, 'Score', '2014-12-16 15:26:16'),
(70, 'Score', '2014-12-16 15:26:16'),
(70, 'Score', '2014-12-16 15:26:17'),
(70, 'Score', '2014-12-16 15:26:17'),
(70, 'Score', '2014-12-16 15:26:17'),
(71, 'Score', '2014-12-16 15:26:18'),
(71, 'Score', '2014-12-16 15:26:18'),
(71, 'Score', '2014-12-16 15:26:18'),
(71, 'Score', '2014-12-16 15:26:18'),
(71, 'Score', '2014-12-16 15:26:18'),
(71, 'Score', '2014-12-16 15:26:19'),
(71, 'Score', '2014-12-16 15:26:19'),
(71, 'Score', '2014-12-16 15:26:19'),
(72, 'Score', '2014-12-16 15:26:20'),
(72, 'Score', '2014-12-16 15:26:20'),
(72, 'Score', '2014-12-16 15:26:20'),
(72, 'Score', '2014-12-16 15:26:20'),
(72, 'Score', '2014-12-16 15:26:20'),
(72, 'Score', '2014-12-16 15:26:21'),
(72, 'Fouls', '2014-12-16 15:26:29'),
(72, 'Fouls', '2014-12-16 15:26:30'),
(72, 'Fouls', '2014-12-16 15:26:30'),
(72, 'Fouls', '2014-12-16 15:26:30'),
(72, 'Fouls', '2014-12-16 15:26:30'),
(64, 'Fouls', '2014-12-16 15:26:34'),
(64, 'Fouls', '2014-12-16 15:26:34'),
(64, 'Fouls', '2014-12-16 15:26:34'),
(64, 'Fouls', '2014-12-16 15:26:34'),
(65, 'Fouls', '2014-12-16 15:26:35'),
(65, 'Fouls', '2014-12-16 15:26:35'),
(65, 'Fouls', '2014-12-16 15:26:35'),
(65, 'Fouls', '2014-12-16 15:26:35'),
(65, 'Fouls', '2014-12-16 15:26:38'),
(66, 'Fouls', '2014-12-16 15:26:39'),
(66, 'Fouls', '2014-12-16 15:26:39'),
(66, 'Fouls', '2014-12-16 15:26:39'),
(66, 'Fouls', '2014-12-16 15:26:39'),
(66, 'Fouls', '2014-12-16 15:26:39'),
(66, 'CancelFouls', '2014-12-16 15:26:41'),
(67, 'Fouls', '2014-12-16 15:26:43'),
(68, 'Fouls', '2014-12-16 15:26:44'),
(68, 'Fouls', '2014-12-16 15:26:44'),
(71, 'Fouls', '2014-12-16 15:26:45'),
(70, 'Fouls', '2014-12-16 15:26:46'),
(72, 'CancelFouls', '2014-12-16 15:26:48'),
(72, 'CancelScore', '2014-12-16 15:26:50'),
(72, 'CancelScore', '2014-12-16 15:26:51'),
(72, 'CancelFouls', '2014-12-16 15:26:53'),
(72, 'CancelFouls', '2014-12-16 15:26:53'),
(72, 'CancelFouls', '2014-12-16 15:26:53'),
(66, 'Score', '2014-12-16 15:26:59'),
(66, 'Score', '2014-12-16 15:27:00'),
(66, 'Score', '2014-12-16 15:27:00'),
(66, 'Score', '2014-12-16 15:27:00'),
(66, 'Score', '2014-12-16 15:27:00'),
(66, 'Score', '2014-12-16 15:27:00'),
(66, 'Score', '2014-12-16 15:27:23'),
(40, 'Score', '2014-12-16 15:36:39'),
(40, 'Score', '2014-12-16 15:36:40'),
(40, 'Fouls', '2014-12-16 15:36:41'),
(40, 'Fouls', '2014-12-16 15:37:37'),
(40, 'CancelFouls', '2014-12-16 15:37:38'),
(40, 'CancelFouls', '2014-12-16 15:37:39'),
(40, 'CancelFouls', '2014-12-16 15:37:44'),
(40, 'CancelFouls', '2014-12-16 15:37:48'),
(40, 'CancelFouls', '2014-12-16 15:37:49'),
(40, 'Fouls', '2014-12-16 15:37:49'),
(40, 'Fouls', '2014-12-16 15:37:50'),
(40, 'Fouls', '2014-12-16 15:37:50'),
(40, 'CancelFouls', '2014-12-16 15:37:51'),
(40, 'Fouls', '2014-12-16 15:37:54'),
(40, 'CancelFouls', '2014-12-16 15:37:55'),
(65, 'Fouls', '2014-12-16 15:38:02'),
(65, 'CancelFouls', '2014-12-16 15:38:03'),
(65, 'CancelFouls', '2014-12-16 15:38:03'),
(65, 'CancelFouls', '2014-12-16 15:38:06'),
(65, 'CancelFouls', '2014-12-16 15:38:07'),
(65, 'Fouls', '2014-12-16 15:38:07'),
(65, 'Fouls', '2014-12-16 15:38:08'),
(65, 'Fouls', '2014-12-16 15:38:08'),
(68, 'Score', '2014-12-16 15:43:05'),
(68, 'Score', '2014-12-16 15:43:05'),
(68, 'Score', '2014-12-16 15:43:05'),
(68, 'Score', '2014-12-16 15:43:06'),
(68, 'Score', '2014-12-16 15:43:06'),
(68, 'Score', '2014-12-16 15:43:06'),
(68, 'Score', '2014-12-16 15:43:06'),
(68, 'Score', '2014-12-16 15:43:06'),
(67, 'Score', '2014-12-16 15:43:07'),
(67, 'Score', '2014-12-16 15:43:07'),
(67, 'Score', '2014-12-16 15:43:07'),
(67, 'Score', '2014-12-16 15:43:07'),
(67, 'Score', '2014-12-16 15:43:08'),
(67, 'Score', '2014-12-16 15:43:08'),
(67, 'Score', '2014-12-16 15:43:08'),
(67, 'Score', '2014-12-16 15:43:08'),
(67, 'Score', '2014-12-16 15:43:08'),
(67, 'Score', '2014-12-16 15:43:09'),
(67, 'Score', '2014-12-16 15:43:09'),
(66, 'Score', '2014-12-16 15:43:09'),
(66, 'Score', '2014-12-16 15:43:09'),
(66, 'Score', '2014-12-16 15:43:10'),
(66, 'Score', '2014-12-16 15:43:10'),
(66, 'Score', '2014-12-16 15:43:10'),
(66, 'Score', '2014-12-16 15:43:10'),
(66, 'Score', '2014-12-16 15:43:10'),
(66, 'Score', '2014-12-16 15:43:11'),
(66, 'Score', '2014-12-16 15:43:11'),
(66, 'Score', '2014-12-16 15:43:11'),
(65, 'Score', '2014-12-16 15:43:14'),
(65, 'Score', '2014-12-16 15:43:14'),
(65, 'Score', '2014-12-16 15:43:14'),
(65, 'Score', '2014-12-16 15:43:14'),
(65, 'Score', '2014-12-16 15:43:14'),
(65, 'Score', '2014-12-16 15:43:14'),
(65, 'Score', '2014-12-16 15:43:15'),
(65, 'Score', '2014-12-16 15:43:15'),
(65, 'Score', '2014-12-16 15:43:15'),
(64, 'Score', '2014-12-16 15:43:16'),
(64, 'Score', '2014-12-16 15:43:16'),
(64, 'Score', '2014-12-16 15:43:16'),
(64, 'Score', '2014-12-16 15:43:16'),
(64, 'Score', '2014-12-16 15:43:17'),
(64, 'Score', '2014-12-16 15:43:17'),
(64, 'Score', '2014-12-16 15:43:17'),
(64, 'Score', '2014-12-16 15:43:17'),
(64, 'Score', '2014-12-16 15:43:17'),
(64, 'Score', '2014-12-16 15:43:18'),
(64, 'Score', '2014-12-16 15:43:18'),
(64, 'Fouls', '2014-12-16 15:43:19'),
(64, 'Fouls', '2014-12-16 15:43:19'),
(65, 'Fouls', '2014-12-16 15:43:20'),
(65, 'Fouls', '2014-12-16 15:43:21'),
(66, 'Fouls', '2014-12-16 15:43:21'),
(66, 'Fouls', '2014-12-16 15:43:22'),
(66, 'Fouls', '2014-12-16 15:43:22'),
(66, 'Fouls', '2014-12-16 15:43:22'),
(66, 'Fouls', '2014-12-16 15:43:22'),
(67, 'Fouls', '2014-12-16 15:43:24'),
(68, 'Fouls', '2014-12-16 15:43:24'),
(43, 'CancelScore', '2014-12-16 16:22:25'),
(43, 'Score', '2014-12-16 16:22:27'),
(36, 'Score', '2014-12-16 16:22:28'),
(41, 'CancelScore', '2014-12-16 16:22:30');

-- --------------------------------------------------------

--
-- 表的结构 `gametable20141216_201202_201203`
--

CREATE TABLE IF NOT EXISTS `gametable20141216_201202_201203` (
  `PlayerID` int(11) DEFAULT NULL,
  `Event` varchar(45) DEFAULT NULL,
  `Time` datetime DEFAULT NULL
) ENGINE=MyISAM DEFAULT CHARSET=utf8;

--
-- 转存表中的数据 `gametable20141216_201202_201203`
--


-- --------------------------------------------------------

--
-- 表的结构 `gametable20141216_201205_201206`
--

CREATE TABLE IF NOT EXISTS `gametable20141216_201205_201206` (
  `PlayerID` int(11) DEFAULT NULL,
  `Event` varchar(45) DEFAULT NULL,
  `Time` datetime DEFAULT NULL
) ENGINE=MyISAM DEFAULT CHARSET=utf8;

--
-- 转存表中的数据 `gametable20141216_201205_201206`
--

INSERT INTO `gametable20141216_201205_201206` (`PlayerID`, `Event`, `Time`) VALUES
(77, 'Score', '2014-12-16 16:27:32'),
(77, 'Score', '2014-12-16 16:27:32'),
(77, 'Score', '2014-12-16 16:27:33'),
(77, 'Score', '2014-12-16 16:27:33'),
(76, 'Score', '2014-12-16 16:27:33'),
(76, 'Score', '2014-12-16 16:27:33'),
(76, 'Score', '2014-12-16 16:27:34'),
(76, 'Score', '2014-12-16 16:27:34'),
(75, 'Score', '2014-12-16 16:27:35'),
(74, 'Score', '2014-12-16 16:27:36'),
(73, 'Score', '2014-12-16 16:27:36'),
(73, 'Score', '2014-12-16 16:27:37'),
(73, 'Score', '2014-12-16 16:27:37'),
(73, 'Score', '2014-12-16 16:27:37'),
(73, 'Score', '2014-12-16 16:27:37'),
(73, 'Score', '2014-12-16 16:27:37'),
(73, 'Score', '2014-12-16 16:27:38'),
(74, 'Score', '2014-12-16 16:27:38'),
(73, 'Fouls', '2014-12-16 16:27:39'),
(74, 'Fouls', '2014-12-16 16:27:39'),
(74, 'Fouls', '2014-12-16 16:27:40'),
(75, 'Fouls', '2014-12-16 16:27:40'),
(76, 'Fouls', '2014-12-16 16:27:41'),
(77, 'Fouls', '2014-12-16 16:27:42'),
(79, 'Score', '2014-12-16 16:27:51'),
(79, 'Score', '2014-12-16 16:27:52'),
(79, 'Score', '2014-12-16 16:27:52'),
(79, 'Score', '2014-12-16 16:27:52'),
(79, 'Score', '2014-12-16 16:27:52'),
(79, 'Score', '2014-12-16 16:27:52'),
(80, 'Score', '2014-12-16 16:27:53'),
(80, 'Score', '2014-12-16 16:27:53'),
(80, 'Score', '2014-12-16 16:27:53'),
(80, 'Score', '2014-12-16 16:27:53'),
(81, 'Score', '2014-12-16 16:27:54'),
(81, 'Score', '2014-12-16 16:27:54'),
(81, 'Score', '2014-12-16 16:27:55'),
(81, 'Score', '2014-12-16 16:27:55'),
(81, 'Score', '2014-12-16 16:27:55'),
(81, 'Score', '2014-12-16 16:27:55'),
(81, 'Score', '2014-12-16 16:27:55'),
(81, 'Fouls', '2014-12-16 16:27:56'),
(80, 'Fouls', '2014-12-16 16:27:56'),
(79, 'Fouls', '2014-12-16 16:27:57'),
(79, 'Fouls', '2014-12-16 16:27:57'),
(79, 'Score', '2014-12-16 16:29:06'),
(79, 'Score', '2014-12-16 16:29:06'),
(79, 'Score', '2014-12-16 16:29:06'),
(86, 'Score', '2014-12-16 16:29:13'),
(86, 'Score', '2014-12-16 16:29:13'),
(86, 'Score', '2014-12-16 16:29:13'),
(86, 'Score', '2014-12-16 16:29:13'),
(86, 'Score', '2014-12-16 16:29:13'),
(86, 'Score', '2014-12-16 16:29:13'),
(85, 'Score', '2014-12-16 16:29:14'),
(85, 'Score', '2014-12-16 16:29:14'),
(85, 'Score', '2014-12-16 16:29:14'),
(85, 'Score', '2014-12-16 16:29:15'),
(85, 'Score', '2014-12-16 16:29:15'),
(84, 'Score', '2014-12-16 16:29:15'),
(84, 'Score', '2014-12-16 16:29:15'),
(84, 'Score', '2014-12-16 16:29:16'),
(84, 'Score', '2014-12-16 16:29:16'),
(84, 'Score', '2014-12-16 16:29:16'),
(83, 'Score', '2014-12-16 16:29:16'),
(83, 'Score', '2014-12-16 16:29:17'),
(83, 'Score', '2014-12-16 16:29:17'),
(83, 'Score', '2014-12-16 16:29:17'),
(82, 'Score', '2014-12-16 16:29:18'),
(82, 'Score', '2014-12-16 16:29:18'),
(82, 'Score', '2014-12-16 16:29:18'),
(82, 'Score', '2014-12-16 16:29:18'),
(82, 'Score', '2014-12-16 16:29:18'),
(82, 'Score', '2014-12-16 16:29:18'),
(82, 'Score', '2014-12-16 16:29:19'),
(82, 'Score', '2014-12-16 16:29:19'),
(82, 'Score', '2014-12-16 16:29:19'),
(82, 'Score', '2014-12-16 16:29:19'),
(82, 'Score', '2014-12-16 16:29:19'),
(82, 'Fouls', '2014-12-16 16:29:20'),
(83, 'Fouls', '2014-12-16 16:29:20'),
(84, 'Fouls', '2014-12-16 16:29:21'),
(85, 'Fouls', '2014-12-16 16:29:21'),
(85, 'Fouls', '2014-12-16 16:29:22'),
(86, 'Fouls', '2014-12-16 16:29:22'),
(89, 'Score', '2014-12-16 16:29:31'),
(89, 'Score', '2014-12-16 16:29:32'),
(89, 'Score', '2014-12-16 16:29:32'),
(89, 'Score', '2014-12-16 16:29:32'),
(89, 'Score', '2014-12-16 16:29:32'),
(89, 'Score', '2014-12-16 16:29:32'),
(89, 'Score', '2014-12-16 16:29:33'),
(89, 'Score', '2014-12-16 16:29:33'),
(89, 'Score', '2014-12-16 16:29:33'),
(89, 'Score', '2014-12-16 16:29:33'),
(89, 'Score', '2014-12-16 16:29:33'),
(89, 'Score', '2014-12-16 16:29:33'),
(89, 'Score', '2014-12-16 16:29:34'),
(90, 'Score', '2014-12-16 16:29:34'),
(90, 'Score', '2014-12-16 16:29:34'),
(90, 'Score', '2014-12-16 16:29:35'),
(90, 'Score', '2014-12-16 16:29:35'),
(90, 'Score', '2014-12-16 16:29:35'),
(90, 'Score', '2014-12-16 16:29:35'),
(90, 'Score', '2014-12-16 16:29:35'),
(90, 'Fouls', '2014-12-16 16:29:36'),
(89, 'Fouls', '2014-12-16 16:29:36'),
(90, 'Fouls', '2014-12-16 16:29:41'),
(90, 'Fouls', '2014-12-16 16:29:42'),
(89, 'Score', '2014-12-16 16:29:45'),
(90, 'Score', '2014-12-16 16:29:46'),
(90, 'Score', '2014-12-16 16:29:46'),
(90, 'Score', '2014-12-16 16:29:46'),
(90, 'Score', '2014-12-16 16:29:46'),
(90, 'Score', '2014-12-16 16:29:46'),
(90, 'Score', '2014-12-16 16:29:47'),
(90, 'Score', '2014-12-16 16:29:47'),
(90, 'Score', '2014-12-16 16:29:47'),
(90, 'Score', '2014-12-16 16:29:48'),
(90, 'Score', '2014-12-16 16:29:47'),
(90, 'Score', '2014-12-16 16:29:48'),
(90, 'Fouls', '2014-12-16 16:29:48'),
(90, 'Fouls', '2014-12-16 16:29:48'),
(86, 'Score', '2014-12-16 16:29:58'),
(86, 'Score', '2014-12-16 16:29:58'),
(86, 'Score', '2014-12-16 16:29:58'),
(82, 'Score', '2014-12-16 16:30:08'),
(82, 'Score', '2014-12-16 16:30:08'),
(82, 'Score', '2014-12-16 16:30:08'),
(83, 'Score', '2014-12-16 16:30:09'),
(87, 'Score', '2014-12-16 16:30:17'),
(87, 'Score', '2014-12-16 16:30:17'),
(87, 'Score', '2014-12-16 16:30:17'),
(87, 'Score', '2014-12-16 16:30:17'),
(87, 'Score', '2014-12-16 16:30:18'),
(87, 'Score', '2014-12-16 16:30:18'),
(87, 'Score', '2014-12-16 16:30:18'),
(87, 'Score', '2014-12-16 16:30:18'),
(74, 'Score', '2014-12-16 16:30:50'),
(74, 'Score', '2014-12-16 16:30:50'),
(74, 'Score', '2014-12-16 16:30:50'),
(74, 'Score', '2014-12-16 16:30:50'),
(74, 'Score', '2014-12-16 16:30:51'),
(74, 'Score', '2014-12-16 16:30:51'),
(76, 'Score', '2014-12-16 16:30:51'),
(76, 'Score', '2014-12-16 16:30:52'),
(76, 'Score', '2014-12-16 16:30:52'),
(76, 'Score', '2014-12-16 16:30:52'),
(76, 'Score', '2014-12-16 16:30:52'),
(76, 'Score', '2014-12-16 16:30:52'),
(76, 'Score', '2014-12-16 16:30:52'),
(76, 'Score', '2014-12-16 16:30:53'),
(76, 'Score', '2014-12-16 16:30:53'),
(76, 'Score', '2014-12-16 16:30:53'),
(79, 'Score', '2014-12-16 16:30:54'),
(79, 'Score', '2014-12-16 16:30:54'),
(79, 'Score', '2014-12-16 16:30:55'),
(79, 'Score', '2014-12-16 16:30:55'),
(79, 'Score', '2014-12-16 16:30:55'),
(79, 'Score', '2014-12-16 16:30:55'),
(80, 'Score', '2014-12-16 16:30:56'),
(80, 'Score', '2014-12-16 16:30:56'),
(80, 'Score', '2014-12-16 16:30:56'),
(80, 'Score', '2014-12-16 16:30:56'),
(80, 'Score', '2014-12-16 16:30:57'),
(81, 'Score', '2014-12-16 16:30:57'),
(81, 'Score', '2014-12-16 16:30:57'),
(81, 'Score', '2014-12-16 16:30:58'),
(81, 'Score', '2014-12-16 16:30:58'),
(81, 'Score', '2014-12-16 16:30:58'),
(81, 'Score', '2014-12-16 16:30:58'),
(81, 'Score', '2014-12-16 16:30:58'),
(81, 'Score', '2014-12-16 16:30:58'),
(81, 'Score', '2014-12-16 16:30:59'),
(81, 'Score', '2014-12-16 16:30:59');

-- --------------------------------------------------------

--
-- 表的结构 `gametable20141216_201207_201208`
--

CREATE TABLE IF NOT EXISTS `gametable20141216_201207_201208` (
  `PlayerID` int(11) DEFAULT NULL,
  `Event` varchar(45) DEFAULT NULL,
  `Time` datetime DEFAULT NULL
) ENGINE=MyISAM DEFAULT CHARSET=utf8;

--
-- 转存表中的数据 `gametable20141216_201207_201208`
--

INSERT INTO `gametable20141216_201207_201208` (`PlayerID`, `Event`, `Time`) VALUES
(91, 'Score', '2014-12-16 15:46:20'),
(91, 'Score', '2014-12-16 15:46:20'),
(91, 'Score', '2014-12-16 15:46:20'),
(91, 'Score', '2014-12-16 15:46:20'),
(91, 'Score', '2014-12-16 15:46:20'),
(92, 'Score', '2014-12-16 15:46:21'),
(92, 'Score', '2014-12-16 15:46:21'),
(92, 'Score', '2014-12-16 15:46:21'),
(92, 'Score', '2014-12-16 15:46:22'),
(92, 'Score', '2014-12-16 15:46:22'),
(93, 'Score', '2014-12-16 15:46:22'),
(93, 'Score', '2014-12-16 15:46:22'),
(93, 'Score', '2014-12-16 15:46:23'),
(94, 'Score', '2014-12-16 15:46:23'),
(94, 'Score', '2014-12-16 15:46:24'),
(94, 'Score', '2014-12-16 15:46:24'),
(94, 'Score', '2014-12-16 15:46:24'),
(94, 'Score', '2014-12-16 15:46:24'),
(94, 'Score', '2014-12-16 15:46:24'),
(94, 'Score', '2014-12-16 15:46:25'),
(93, 'Score', '2014-12-16 15:46:25'),
(93, 'Score', '2014-12-16 15:46:25'),
(93, 'Score', '2014-12-16 15:46:26'),
(92, 'Score', '2014-12-16 15:46:26'),
(91, 'Score', '2014-12-16 15:46:27'),
(91, 'Score', '2014-12-16 15:46:27'),
(91, 'Fouls', '2014-12-16 15:46:28'),
(92, 'Fouls', '2014-12-16 15:46:29'),
(93, 'Fouls', '2014-12-16 15:46:30'),
(94, 'Fouls', '2014-12-16 15:46:30'),
(94, 'Fouls', '2014-12-16 15:46:31'),
(94, 'Fouls', '2014-12-16 15:46:32'),
(94, 'Score', '2014-12-16 15:46:33'),
(94, 'Score', '2014-12-16 15:46:33'),
(94, 'Score', '2014-12-16 15:46:33'),
(94, 'Score', '2014-12-16 15:46:33'),
(94, 'Score', '2014-12-16 15:46:33'),
(94, 'Score', '2014-12-16 15:46:34'),
(94, 'Score', '2014-12-16 15:46:34'),
(94, 'Score', '2014-12-16 15:46:34'),
(94, 'Score', '2014-12-16 15:46:34'),
(94, 'Fouls', '2014-12-16 15:46:35'),
(94, 'Fouls', '2014-12-16 15:46:35'),
(95, 'Score', '2014-12-16 15:46:37'),
(95, 'Score', '2014-12-16 15:46:38'),
(95, 'Score', '2014-12-16 15:46:38'),
(95, 'Score', '2014-12-16 15:46:38'),
(95, 'Score', '2014-12-16 15:46:38'),
(95, 'Score', '2014-12-16 15:46:38'),
(95, 'Score', '2014-12-16 15:46:39'),
(96, 'Score', '2014-12-16 15:46:39'),
(96, 'Score', '2014-12-16 15:46:40'),
(96, 'Score', '2014-12-16 15:46:40'),
(96, 'Score', '2014-12-16 15:46:40'),
(96, 'Score', '2014-12-16 15:46:40'),
(96, 'Score', '2014-12-16 15:46:40'),
(96, 'Score', '2014-12-16 15:46:41'),
(99, 'Score', '2014-12-16 15:46:44'),
(99, 'Score', '2014-12-16 15:46:44'),
(99, 'Score', '2014-12-16 15:46:44'),
(99, 'Score', '2014-12-16 15:46:44'),
(98, 'Score', '2014-12-16 15:46:45'),
(98, 'Score', '2014-12-16 15:46:45'),
(98, 'Score', '2014-12-16 15:46:45'),
(98, 'Score', '2014-12-16 15:46:46'),
(98, 'Score', '2014-12-16 15:46:46'),
(97, 'Score', '2014-12-16 15:46:46'),
(97, 'Score', '2014-12-16 15:46:46'),
(97, 'Score', '2014-12-16 15:46:47'),
(97, 'Score', '2014-12-16 15:46:47'),
(97, 'Fouls', '2014-12-16 15:46:48'),
(98, 'Fouls', '2014-12-16 15:46:51'),
(99, 'Fouls', '2014-12-16 15:46:51'),
(108, 'Score', '2014-12-16 15:47:02'),
(108, 'Score', '2014-12-16 15:47:02'),
(108, 'Score', '2014-12-16 15:47:02'),
(108, 'Score', '2014-12-16 15:47:02'),
(108, 'Score', '2014-12-16 15:47:03'),
(108, 'Score', '2014-12-16 15:47:03'),
(107, 'Score', '2014-12-16 15:47:03'),
(107, 'Score', '2014-12-16 15:47:04'),
(107, 'Score', '2014-12-16 15:47:04'),
(107, 'Score', '2014-12-16 15:47:04'),
(107, 'Score', '2014-12-16 15:47:04'),
(106, 'Score', '2014-12-16 15:47:06'),
(106, 'Score', '2014-12-16 15:47:06'),
(106, 'Score', '2014-12-16 15:47:06'),
(105, 'Score', '2014-12-16 15:47:06'),
(105, 'Score', '2014-12-16 15:47:07'),
(105, 'Score', '2014-12-16 15:47:07'),
(105, 'Score', '2014-12-16 15:47:07'),
(106, 'Score', '2014-12-16 15:47:07'),
(104, 'Score', '2014-12-16 15:47:08'),
(104, 'Score', '2014-12-16 15:47:09'),
(104, 'Score', '2014-12-16 15:47:09'),
(104, 'Score', '2014-12-16 15:47:09'),
(103, 'Score', '2014-12-16 15:47:09'),
(103, 'Score', '2014-12-16 15:47:10'),
(103, 'Score', '2014-12-16 15:47:10'),
(103, 'Score', '2014-12-16 15:47:10'),
(101, 'Score', '2014-12-16 15:47:12'),
(101, 'Score', '2014-12-16 15:47:12'),
(101, 'Score', '2014-12-16 15:47:12'),
(102, 'Score', '2014-12-16 15:47:13'),
(102, 'Score', '2014-12-16 15:47:13'),
(102, 'Score', '2014-12-16 15:47:14'),
(100, 'Score', '2014-12-16 15:47:14'),
(100, 'Score', '2014-12-16 15:47:14'),
(100, 'Score', '2014-12-16 15:47:15'),
(100, 'Score', '2014-12-16 15:47:15'),
(100, 'Fouls', '2014-12-16 15:47:16'),
(101, 'Fouls', '2014-12-16 15:47:16'),
(102, 'Fouls', '2014-12-16 15:47:17'),
(102, 'Fouls', '2014-12-16 15:47:17'),
(103, 'Fouls', '2014-12-16 15:47:18'),
(103, 'Fouls', '2014-12-16 15:47:18'),
(103, 'Fouls', '2014-12-16 15:47:18'),
(104, 'Fouls', '2014-12-16 15:47:19'),
(106, 'Fouls', '2014-12-16 15:47:20'),
(107, 'Fouls', '2014-12-16 15:47:21'),
(108, 'Fouls', '2014-12-16 15:47:21'),
(105, 'Score', '2014-12-16 15:47:25'),
(105, 'Score', '2014-12-16 15:47:25'),
(105, 'Score', '2014-12-16 15:47:26'),
(105, 'Score', '2014-12-16 15:47:26'),
(105, 'Score', '2014-12-16 15:47:26'),
(105, 'Score', '2014-12-16 15:47:26'),
(105, 'Score', '2014-12-16 15:47:27'),
(105, 'Score', '2014-12-16 15:47:26'),
(105, 'Score', '2014-12-16 15:47:27'),
(105, 'Score', '2014-12-16 15:47:27'),
(105, 'Score', '2014-12-16 15:47:27'),
(105, 'Fouls', '2014-12-16 15:47:28'),
(105, 'Fouls', '2014-12-16 15:47:28'),
(105, 'Fouls', '2014-12-16 15:47:28'),
(105, 'Fouls', '2014-12-16 15:47:28'),
(105, 'Fouls', '2014-12-16 15:47:29'),
(94, 'Fouls', '2014-12-16 15:58:25'),
(94, 'CancelFouls', '2014-12-16 15:58:26');

-- --------------------------------------------------------

--
-- 表的结构 `groupgame`
--

CREATE TABLE IF NOT EXISTS `groupgame` (
  `TeamID` varchar(6) NOT NULL,
  `TeamName` varchar(45) NOT NULL,
  `TeamLab` varchar(45) NOT NULL,
  `GroupID` varchar(1) NOT NULL,
  `Win` int(11) NOT NULL DEFAULT '0',
  `Lose` int(11) NOT NULL DEFAULT '0',
  PRIMARY KEY (`TeamID`),
  UNIQUE KEY `TeamID_UNIQUE` (`TeamID`)
) ENGINE=MyISAM DEFAULT CHARSET=utf8;

--
-- 转存表中的数据 `groupgame`
--

INSERT INTO `groupgame` (`TeamID`, `TeamName`, `TeamLab`, `GroupID`, `Win`, `Lose`) VALUES
('201202', '冲破云霄', '语言技术研究中心', 'B', 1, 1),
('201203', 'SummerGeek', '企业与服务智能计算研究中心', 'B', 1, 1),
('201204', '热热火', '计算机网络与信息安全技术研究中心', 'A', 4, 2),
('201201', '必胜智能', '智能接口与人机交互研究中心', 'A', 2, 3),
('201206', 'TonsofCal', '海量数据计算研究中心', 'D', 1, 1),
('201205', '冲锋', '容错与移动计算研究中心', 'D', 1, 1),
('201207', 'BioNerd', '生物信息学研究中心', 'C', 0, 0),
('201208', '机器狂人', '多智能体机器人研究中心', 'G', 0, 0);

-- --------------------------------------------------------

--
-- 表的结构 `manager`
--

CREATE TABLE IF NOT EXISTS `manager` (
  `ID` varchar(45) NOT NULL,
  `Name` varchar(45) NOT NULL,
  `PSW` varchar(45) NOT NULL,
  `NPL` varchar(45) NOT NULL,
  PRIMARY KEY (`ID`),
  UNIQUE KEY `ID_UNIQUE` (`ID`),
  UNIQUE KEY `Name_UNIQUE` (`Name`)
) ENGINE=MyISAM DEFAULT CHARSET=utf8;

--
-- 转存表中的数据 `manager`
--

INSERT INTO `manager` (`ID`, `Name`, `PSW`, `NPL`) VALUES
('admin', 'admin', 'admin', '1总管理员'),
('admin2', 'admin2', 'admin2', '2副管理员'),
('counter', 'counter', 'counter', '4记分员'),
('csm', '蔡尚铭', '123', '1总管理员');

-- --------------------------------------------------------

--
-- 表的结构 `message`
--

CREATE TABLE IF NOT EXISTS `message` (
  `index` int(11) NOT NULL AUTO_INCREMENT,
  `IndexMessage` varchar(500) NOT NULL,
  PRIMARY KEY (`index`)
) ENGINE=MyISAM  DEFAULT CHARSET=utf8 AUTO_INCREMENT=22 ;

--
-- 转存表中的数据 `message`
--

INSERT INTO `message` (`index`, `IndexMessage`) VALUES
(17, '2014-11-13 将由201401队伍迎战201304队伍！请大家多多支持！！！'),
(18, '2014-11-13 将由201401队伍迎战201304队伍！请大家多多支持！！！'),
(19, '2014-11-13 将由201401队伍迎战201304队伍！请大家多多支持！！！'),
(20, '2014-11-13 将由201401队伍迎战201304队伍！请大家多多支持！！！！'),
(21, '2014-11-13 将由201401队伍迎战201304队伍！请大家多多支持！！！\r\n');

-- --------------------------------------------------------

--
-- 表的结构 `players`
--

CREATE TABLE IF NOT EXISTS `players` (
  `PlayerID` int(11) NOT NULL AUTO_INCREMENT,
  `TeamID` int(6) DEFAULT NULL,
  `Team` varchar(45) DEFAULT NULL,
  `Name` varchar(45) NOT NULL,
  `Sex` varchar(45) NOT NULL,
  `StudentID` varchar(45) DEFAULT NULL,
  `Number` int(11) NOT NULL,
  `Position` varchar(45) NOT NULL,
  `Score` int(11) NOT NULL DEFAULT '0',
  `NumberOfMatches` int(11) NOT NULL DEFAULT '0',
  `Fouls` int(11) NOT NULL DEFAULT '0',
  `Age` int(3) NOT NULL DEFAULT '20',
  `IsSHB` varchar(4) NOT NULL DEFAULT '否',
  PRIMARY KEY (`PlayerID`),
  UNIQUE KEY `PlayerID_UNIQUE` (`PlayerID`)
) ENGINE=MyISAM  DEFAULT CHARSET=utf8 AUTO_INCREMENT=109 ;

--
-- 转存表中的数据 `players`
--

INSERT INTO `players` (`PlayerID`, `TeamID`, `Team`, `Name`, `Sex`, `StudentID`, `Number`, `Position`, `Score`, `NumberOfMatches`, `Fouls`, `Age`, `IsSHB`) VALUES
(52, 201202, '冲破云霄', '李言路', '男', '1120310721', 43, '在读硕士生', 0, 1, 0, 20, '否'),
(51, 201202, '冲破云霄', '付琰', '女', '1120310720', 12, '在读博士生', 0, 1, 0, 20, '否'),
(49, 201202, '冲破云霄', '宋戈', '男', '', 35, '教师', 0, 1, 0, 55, '否'),
(50, 201202, '冲破云霄', '魏延杰', '男', '', 67, '教师', 0, 1, 0, 45, '否'),
(47, 201202, '冲破云霄', '张越', '男', '1120310717', 6, '在读本科生', 0, 1, 0, 20, '否'),
(46, 201202, '冲破云霄', '孙旭明', '男', '1120310716', 21, '在读本科生', 0, 1, 0, 20, '是'),
(43, 201201, '必胜智能', '郑真妮', '女', '1120310713', 8, '在读硕士生', 11, 3, 3, 20, '否'),
(36, 201201, '必胜智能', '何玉奇', '男', '1120310705', 5, '在读本科生', 10, 3, 0, 20, '是'),
(41, 201201, '必胜智能', '李泽宇', '男', '', 56, '教师', 8, 3, 1, 55, '否'),
(32, 201201, '必胜智能', '刘甜', '女', '1120310703', 3, '在读博士生', 5, 3, 1, 20, '否'),
(34, 201201, '必胜智能', '梁骁', '男', '', 2, '教练', 4, 3, 5, 45, '否'),
(30, 201201, '必胜智能', '林依晨', '男', '', 1, '领队', 15, 3, 0, 20, '否'),
(45, 201202, '冲破云霄', '杜常辉', '男', '', 3, '教练', 0, 1, 0, 20, '否'),
(44, 201202, '冲破云霄', '邵蔚', '男', '', 53, '领队', 0, 1, 0, 45, '否'),
(42, 201201, '必胜智能', '方琦', '男', '', 31, '教师', 8, 3, 2, 45, '否'),
(40, 201201, '必胜智能', '孙瑞', '男', '1120310708', 45, '在读本科生', 8, 3, 1, 20, '否'),
(38, 201201, '必胜智能', '王吉鑫', '男', '', 33, '教师', 3, 3, 1, 55, '否'),
(37, 201201, '必胜智能', '吕天宇', '男', '1120310706', 21, '在读硕士生', 6, 3, 0, 20, '否'),
(53, 201202, '冲破云霄', '李舫', '女', '1120310704', 25, '在读硕士生', 0, 1, 0, 20, '否'),
(54, 201203, 'SummerGeek', '曹城华', '男', '', 21, '领队', 0, 1, 0, 20, '否'),
(55, 201203, 'SummerGeek', '程子昂', '男', '', 14, '教练', 0, 1, 0, 20, '否'),
(56, 201203, 'SummerGeek', '林羿成', '男', '1120310724', 56, '在读博士生', 0, 1, 0, 20, '否'),
(57, 201203, 'SummerGeek', '郭洪杰', '男', '1120310725', 12, '在读本科生', 0, 1, 0, 20, '是'),
(58, 201203, 'SummerGeek', '张皓', '男', '1120310726', 55, '在读博士生', 0, 1, 0, 20, '否'),
(59, 201203, 'SummerGeek', '张洪瑞', '男', '', 23, '教师', 0, 1, 0, 45, '否'),
(60, 201203, 'SummerGeek', '冀文欣', '男', '', 76, '教师', 0, 1, 0, 55, '否'),
(61, 201203, 'SummerGeek', '赵怀', '女', '1121420208', 1, '在读硕士生', 0, 1, 0, 20, '否'),
(62, 201203, 'SummerGeek', '林煜', '男', '1123710219', 2, '在读硕士生', 0, 1, 0, 20, '否'),
(63, 201203, 'SummerGeek', '芦瀚楠', '男', '', 64, '教师', 0, 1, 0, 20, '否'),
(64, 201204, '热热火', '高若谷', '男', '', 33, '领队', 4, 3, 0, 20, '否'),
(65, 201204, '热热火', '李隆熙', '男', '', 23, '教练', 4, 3, 2, 20, '否'),
(66, 201204, '热热火', '余卓勋', '男', '1120320102', 7, '在读本科生', 10, 3, 3, 20, '是'),
(67, 201204, '热热火', '刘国强', '男', '1120320203', 6, '在读硕士生', 7, 3, 1, 20, '否'),
(68, 201204, '热热火', '屈珂', '女', '1120820118', 53, '在读博士生', 5, 3, 1, 20, '否'),
(69, 201204, '热热火', '王静', '女', '1120320113', 22, '在读硕士生', 6, 3, 1, 20, '否'),
(70, 201204, '热热火', '郝科委', '男', '', 43, '教师', 17, 3, 4, 45, '否'),
(71, 201204, '热热火', '宋扬', '男', '', 42, '教师', 3, 3, 1, 55, '否'),
(72, 201204, '热热火', '孙奥', '男', '1120320209', 1, '在读博士生', 10, 3, 1, 20, '否'),
(91, 201207, 'BioNerd', '袁铭阳', '男', '', 2, '领队', 0, 0, 0, 20, '否'),
(73, 201205, '冲锋', '燕珂', '男', '', 2, '领队', 0, 0, 0, 20, '否'),
(74, 201205, '冲锋', '张晔', '男', '', 5, '教练', 0, 0, 0, 20, '否'),
(75, 201205, '冲锋', '董宇琦', '男', '1120320204', 42, '在读本科生', 0, 0, 0, 20, '是'),
(76, 201205, '冲锋', '胡尧', '女', '1120320117', 45, '在读硕士生', 0, 0, 0, 20, '否'),
(77, 201205, '冲锋', '李卫', '女', '1120320201', 47, '在读博士生', 0, 0, 0, 20, '否'),
(78, 201205, '冲锋', '马威昊', '男', '1120320210', 64, '在读硕士生', 0, 0, 0, 20, '否'),
(79, 201205, '冲锋', '唐鑫', '男', '1120320216', 12, '在读博士生', 0, 0, 0, 20, '否'),
(80, 201205, '冲锋', '刘晓光', '男', '', 23, '教师', 0, 0, 0, 45, '否'),
(81, 201205, '冲锋', '梁森', '男', '', 33, '教师', 0, 0, 0, 55, '否'),
(82, 201206, 'TonsofCal', '韩佳祥', '男', '', 2, '领队', 0, 0, 0, 20, '否'),
(83, 201206, 'TonsofCal', '陶天一', '男', '', 4, '教练', 0, 0, 0, 45, '否'),
(84, 201206, 'TonsofCal', '许伟杰', '男', '1120320211', 43, '在读本科生', 0, 0, 0, 20, '是'),
(85, 201206, 'TonsofCal', '胡文俊', '男', '1120320115', 54, '在读硕士生', 0, 0, 0, 20, '否'),
(86, 201206, 'TonsofCal', '袁华', '女', '1120320206', 42, '在读硕士生', 0, 0, 0, 20, '否'),
(87, 201206, 'TonsofCal', '王培钧', '女', '1120320215', 25, '在读博士生', 0, 0, 0, 20, '否'),
(88, 201206, 'TonsofCal', '王琳', '男', '1120320205', 65, '在读博士生', 0, 0, 0, 20, '否'),
(89, 201206, 'TonsofCal', '王硕', '男', '', 7, '教师', 0, 0, 0, 45, '否'),
(90, 201206, 'TonsofCal', '刘思宇', '男', '', 21, '教师', 0, 0, 0, 55, '否'),
(92, 201207, 'BioNerd', '杜怡飞', '男', '', 5, '教练', 0, 0, 0, 45, '否'),
(93, 201207, 'BioNerd', '王延广', '男', '1120320118', 63, '在读本科生', 0, 0, 0, 20, '是'),
(94, 201207, 'BioNerd', '蒋凯', '女', '1120320116', 32, '在读硕士生', 0, 0, 0, 20, '否'),
(95, 201207, 'BioNerd', '王浩宇', '女', '1120320105', 12, '在读博士生', 0, 0, 0, 20, '否'),
(96, 201207, 'BioNerd', '曲行', '男', '1120320103', 15, '在读博士生', 0, 0, 0, 20, '否'),
(97, 201207, 'BioNerd', '薛野', '男', '', 23, '教师', 0, 0, 0, 45, '否'),
(98, 201207, 'BioNerd', '靳梦兴', '男', '', 26, '教师', 0, 0, 0, 55, '否'),
(99, 201207, 'BioNerd', '金亮', '男', '', 57, '教师', 0, 0, 0, 20, '否'),
(100, 201208, '机器狂人', '王一舒', '男', '', 5, '领队', 0, 0, 0, 45, '否'),
(101, 201208, '机器狂人', '李昊洋', '男', '', 54, '教练', 0, 0, 0, 20, '否'),
(102, 201208, '机器狂人', '朱迪显', '男', '1120330105', 6, '在读本科生', 0, 0, 0, 20, '否'),
(103, 201208, '机器狂人', '陈晓敏', '男', '1120330108', 87, '在读本科生', 0, 0, 0, 20, '是'),
(104, 201208, '机器狂人', '高鸣岐', '男', '1120330103', 76, '在读本科生', 0, 0, 0, 20, '是'),
(105, 201208, '机器狂人', '江应斌', '男', '1120330107', 23, '在读博士生', 0, 0, 0, 20, '否'),
(106, 201208, '机器狂人', '吴志伟', '男', '', 26, '教师', 0, 0, 0, 20, '否'),
(107, 201208, '机器狂人', '朱骅', '男', '', 64, '教师', 0, 0, 0, 45, '否'),
(108, 201208, '机器狂人', '代江', '男', '', 62, '教师', 0, 0, 0, 55, '否');

-- --------------------------------------------------------

--
-- 表的结构 `playerstable20141214_201201_201204`
--

CREATE TABLE IF NOT EXISTS `playerstable20141214_201201_201204` (
  `PlayerID` int(11) NOT NULL DEFAULT '0',
  `TeamID` int(6) DEFAULT NULL,
  `Team` varchar(45) DEFAULT NULL,
  `Name` varchar(45) NOT NULL,
  `Sex` varchar(45) NOT NULL,
  `StudentID` varchar(45) DEFAULT NULL,
  `Number` int(11) NOT NULL,
  `Position` varchar(45) NOT NULL,
  `Score` int(11) NOT NULL DEFAULT '0',
  `NumberOfMatches` int(11) NOT NULL DEFAULT '0',
  `Fouls` int(11) NOT NULL DEFAULT '0',
  `Age` int(3) NOT NULL DEFAULT '20',
  `IsSHB` varchar(4) NOT NULL DEFAULT '否',
  `State` varchar(45) DEFAULT 'bench'
) ENGINE=MyISAM DEFAULT CHARSET=utf8;

--
-- 转存表中的数据 `playerstable20141214_201201_201204`
--

INSERT INTO `playerstable20141214_201201_201204` (`PlayerID`, `TeamID`, `Team`, `Name`, `Sex`, `StudentID`, `Number`, `Position`, `Score`, `NumberOfMatches`, `Fouls`, `Age`, `IsSHB`, `State`) VALUES
(43, 201201, '必胜智能', '郑真妮', '女', '1120310713', 8, '在读硕士生', 4, 0, 1, 20, '否', 'bench'),
(36, 201201, '必胜智能', '何玉奇', '男', '1120310705', 5, '在读本科生', 3, 0, 0, 20, '是', 'bench'),
(41, 201201, '必胜智能', '李泽宇', '男', '', 56, '教师', 6, 0, 1, 55, '否', 'bench'),
(32, 201201, '必胜智能', '刘甜', '女', '1120310703', 3, '在读博士生', 5, 0, 1, 20, '否', 'bench'),
(34, 201201, '必胜智能', '梁骁', '男', '', 2, '教练', 4, 0, 1, 45, '否', 'bench'),
(30, 201201, '必胜智能', '林依晨', '男', '', 1, '领队', 15, 0, 0, 20, '否', 'bench'),
(42, 201201, '必胜智能', '方琦', '男', '', 31, '教师', 8, 0, 2, 45, '否', 'bench'),
(40, 201201, '必胜智能', '孙瑞', '男', '1120310708', 45, '在读本科生', 8, 0, 1, 20, '否', 'bench'),
(38, 201201, '必胜智能', '王吉鑫', '男', '', 33, '教师', 3, 0, 1, 55, '否', 'bench'),
(37, 201201, '必胜智能', '吕天宇', '男', '1120310706', 21, '在读硕士生', 6, 0, 0, 20, '否', 'bench'),
(64, 201204, '热热火', '高若谷', '男', '', 33, '领队', 4, 0, 0, 20, '否', 'oncourt'),
(65, 201204, '热热火', '李隆熙', '男', '', 23, '教练', 4, 0, 2, 20, '否', 'oncourt'),
(66, 201204, '热热火', '余卓勋', '男', '1120320102', 7, '在读本科生', 10, 0, 3, 20, '是', 'bench'),
(67, 201204, '热热火', '刘国强', '男', '1120320203', 6, '在读硕士生', 7, 0, 1, 20, '否', 'oncourt'),
(68, 201204, '热热火', '屈珂', '女', '1120820118', 53, '在读博士生', 5, 0, 1, 20, '否', 'bench'),
(69, 201204, '热热火', '王静', '女', '1120320113', 22, '在读硕士生', 6, 0, 1, 20, '否', 'oncourt'),
(70, 201204, '热热火', '郝科委', '男', '', 43, '教师', 17, 0, 4, 45, '否', 'bench'),
(71, 201204, '热热火', '宋扬', '男', '', 42, '教师', 3, 0, 1, 55, '否', 'bench'),
(72, 201204, '热热火', '孙奥', '男', '1120320209', 1, '在读博士生', 10, 0, 1, 20, '否', 'bench');

-- --------------------------------------------------------

--
-- 表的结构 `playerstable20141216_201201_201204`
--

CREATE TABLE IF NOT EXISTS `playerstable20141216_201201_201204` (
  `PlayerID` int(11) NOT NULL DEFAULT '0',
  `TeamID` int(6) DEFAULT NULL,
  `Team` varchar(45) DEFAULT NULL,
  `Name` varchar(45) NOT NULL,
  `Sex` varchar(45) NOT NULL,
  `StudentID` varchar(45) DEFAULT NULL,
  `Number` int(11) NOT NULL,
  `Position` varchar(45) NOT NULL,
  `Score` int(11) NOT NULL DEFAULT '0',
  `NumberOfMatches` int(11) NOT NULL DEFAULT '0',
  `Fouls` int(11) NOT NULL DEFAULT '0',
  `Age` int(3) NOT NULL DEFAULT '20',
  `IsSHB` varchar(4) NOT NULL DEFAULT '否',
  `State` varchar(45) DEFAULT 'bench'
) ENGINE=MyISAM DEFAULT CHARSET=utf8;

--
-- 转存表中的数据 `playerstable20141216_201201_201204`
--

INSERT INTO `playerstable20141216_201201_201204` (`PlayerID`, `TeamID`, `Team`, `Name`, `Sex`, `StudentID`, `Number`, `Position`, `Score`, `NumberOfMatches`, `Fouls`, `Age`, `IsSHB`, `State`) VALUES
(43, 201201, '必胜智能', '郑真妮', '女', '1120310713', 8, '在读硕士生', 11, 2, 3, 20, '否', 'oncourt'),
(36, 201201, '必胜智能', '何玉奇', '男', '1120310705', 5, '在读本科生', 7, 2, 1, 20, '是', 'oncourt'),
(41, 201201, '必胜智能', '李泽宇', '男', '', 56, '教师', 4, 2, 1, 55, '否', 'oncourt'),
(32, 201201, '必胜智能', '刘甜', '女', '1120310703', 3, '在读博士生', 6, 2, 2, 20, '否', 'oncourt'),
(34, 201201, '必胜智能', '梁骁', '男', '', 2, '教练', 8, 2, 0, 45, '否', 'oncourt'),
(30, 201201, '必胜智能', '林依晨', '男', '', 1, '领队', 16, 2, 1, 20, '否', 'bench'),
(42, 201201, '必胜智能', '方琦', '男', '', 31, '教师', 9, 2, 2, 45, '否', 'bench'),
(40, 201201, '必胜智能', '孙瑞', '男', '1120310708', 45, '在读本科生', 8, 2, 4, 20, '否', 'bench'),
(38, 201201, '必胜智能', '王吉鑫', '男', '', 33, '教师', 9, 2, 2, 55, '否', 'bench'),
(37, 201201, '必胜智能', '吕天宇', '男', '1120310706', 21, '在读硕士生', 7, 2, 2, 20, '否', 'bench'),
(64, 201204, '热热火', '高若谷', '男', '', 33, '领队', 11, 2, 2, 20, '否', 'oncourt'),
(65, 201204, '热热火', '李隆熙', '男', '', 23, '教练', 9, 2, 2, 20, '否', 'oncourt'),
(66, 201204, '热热火', '余卓勋', '男', '1120320102', 7, '在读本科生', 10, 2, 5, 20, '是', 'oncourt'),
(67, 201204, '热热火', '刘国强', '男', '1120320203', 6, '在读硕士生', 5, 2, 1, 20, '否', 'oncourt'),
(68, 201204, '热热火', '屈珂', '女', '1120820118', 53, '在读博士生', 7, 2, 1, 20, '否', 'oncourt'),
(69, 201204, '热热火', '王静', '女', '1120320113', 22, '在读硕士生', 6, 2, 0, 20, '否', 'bench'),
(70, 201204, '热热火', '郝科委', '男', '', 43, '教师', 4, 2, 1, 45, '否', 'bench'),
(71, 201204, '热热火', '宋扬', '男', '', 42, '教师', 8, 2, 1, 55, '否', 'bench'),
(72, 201204, '热热火', '孙奥', '男', '1120320209', 1, '在读博士生', 4, 2, 0, 20, '否', 'fouledout');

-- --------------------------------------------------------

--
-- 表的结构 `playerstable20141216_201202_201203`
--

CREATE TABLE IF NOT EXISTS `playerstable20141216_201202_201203` (
  `PlayerID` int(11) NOT NULL DEFAULT '0',
  `TeamID` int(6) DEFAULT NULL,
  `Team` varchar(45) DEFAULT NULL,
  `Name` varchar(45) NOT NULL,
  `Sex` varchar(45) NOT NULL,
  `StudentID` varchar(45) DEFAULT NULL,
  `Number` int(11) NOT NULL,
  `Position` varchar(45) NOT NULL,
  `Score` int(11) NOT NULL DEFAULT '0',
  `NumberOfMatches` int(11) NOT NULL DEFAULT '0',
  `Fouls` int(11) NOT NULL DEFAULT '0',
  `Age` int(3) NOT NULL DEFAULT '20',
  `IsSHB` varchar(4) NOT NULL DEFAULT '否',
  `State` varchar(45) DEFAULT 'bench'
) ENGINE=MyISAM DEFAULT CHARSET=utf8;

--
-- 转存表中的数据 `playerstable20141216_201202_201203`
--

INSERT INTO `playerstable20141216_201202_201203` (`PlayerID`, `TeamID`, `Team`, `Name`, `Sex`, `StudentID`, `Number`, `Position`, `Score`, `NumberOfMatches`, `Fouls`, `Age`, `IsSHB`, `State`) VALUES
(52, 201202, '冲破云霄', '李言路', '男', '1120310721', 43, '在读硕士生', 0, 1, 0, 20, '否', 'bench'),
(51, 201202, '冲破云霄', '付琰', '女', '1120310720', 12, '在读博士生', 0, 1, 0, 20, '否', 'bench'),
(49, 201202, '冲破云霄', '宋戈', '男', '', 35, '教师', 0, 1, 0, 55, '否', 'bench'),
(50, 201202, '冲破云霄', '魏延杰', '男', '', 67, '教师', 0, 1, 0, 45, '否', 'bench'),
(47, 201202, '冲破云霄', '张越', '男', '1120310717', 6, '在读本科生', 0, 1, 0, 20, '否', 'bench'),
(46, 201202, '冲破云霄', '孙旭明', '男', '1120310716', 21, '在读本科生', 0, 1, 0, 20, '是', 'bench'),
(45, 201202, '冲破云霄', '杜常辉', '男', '', 3, '教练', 0, 1, 0, 20, '否', 'bench'),
(44, 201202, '冲破云霄', '邵蔚', '男', '', 53, '领队', 0, 1, 0, 45, '否', 'bench'),
(53, 201202, '冲破云霄', '李舫', '女', '1120310704', 25, '在读硕士生', 0, 1, 0, 20, '否', 'bench'),
(54, 201203, 'SummerGeek', '曹城华', '男', '', 21, '领队', 0, 1, 0, 20, '否', 'bench'),
(55, 201203, 'SummerGeek', '程子昂', '男', '', 14, '教练', 0, 1, 0, 20, '否', 'bench'),
(56, 201203, 'SummerGeek', '林羿成', '男', '1120310724', 56, '在读博士生', 0, 1, 0, 20, '否', 'bench'),
(57, 201203, 'SummerGeek', '郭洪杰', '男', '1120310725', 12, '在读本科生', 0, 1, 0, 20, '是', 'bench'),
(58, 201203, 'SummerGeek', '张皓', '男', '1120310726', 55, '在读博士生', 0, 1, 0, 20, '否', 'bench'),
(59, 201203, 'SummerGeek', '张洪瑞', '男', '', 23, '教师', 0, 1, 0, 45, '否', 'bench'),
(60, 201203, 'SummerGeek', '冀文欣', '男', '', 76, '教师', 0, 1, 0, 55, '否', 'bench'),
(61, 201203, 'SummerGeek', '赵怀', '女', '1121420208', 1, '在读硕士生', 0, 1, 0, 20, '否', 'bench'),
(62, 201203, 'SummerGeek', '林煜', '男', '1123710219', 2, '在读硕士生', 0, 1, 0, 20, '否', 'bench'),
(63, 201203, 'SummerGeek', '芦瀚楠', '男', '', 64, '教师', 0, 1, 0, 20, '否', 'bench');

-- --------------------------------------------------------

--
-- 表的结构 `playerstable20141216_201205_201206`
--

CREATE TABLE IF NOT EXISTS `playerstable20141216_201205_201206` (
  `PlayerID` int(11) NOT NULL DEFAULT '0',
  `TeamID` int(6) DEFAULT NULL,
  `Team` varchar(45) DEFAULT NULL,
  `Name` varchar(45) NOT NULL,
  `Sex` varchar(45) NOT NULL,
  `StudentID` varchar(45) DEFAULT NULL,
  `Number` int(11) NOT NULL,
  `Position` varchar(45) NOT NULL,
  `Score` int(11) NOT NULL DEFAULT '0',
  `NumberOfMatches` int(11) NOT NULL DEFAULT '0',
  `Fouls` int(11) NOT NULL DEFAULT '0',
  `Age` int(3) NOT NULL DEFAULT '20',
  `IsSHB` varchar(4) NOT NULL DEFAULT '否',
  `State` varchar(45) DEFAULT 'bench'
) ENGINE=MyISAM DEFAULT CHARSET=utf8;

--
-- 转存表中的数据 `playerstable20141216_201205_201206`
--

INSERT INTO `playerstable20141216_201205_201206` (`PlayerID`, `TeamID`, `Team`, `Name`, `Sex`, `StudentID`, `Number`, `Position`, `Score`, `NumberOfMatches`, `Fouls`, `Age`, `IsSHB`, `State`) VALUES
(73, 201205, '冲锋', '燕珂', '男', '', 2, '领队', 7, 0, 1, 20, '否', 'bench'),
(74, 201205, '冲锋', '张晔', '男', '', 5, '教练', 8, 0, 2, 20, '否', 'oncourt'),
(75, 201205, '冲锋', '董宇琦', '男', '1120320204', 42, '在读本科生', 1, 0, 1, 20, '是', 'bench'),
(76, 201205, '冲锋', '胡尧', '女', '1120320117', 45, '在读硕士生', 14, 0, 1, 20, '否', 'oncourt'),
(77, 201205, '冲锋', '李卫', '女', '1120320201', 47, '在读博士生', 4, 0, 1, 20, '否', 'bench'),
(78, 201205, '冲锋', '马威昊', '男', '1120320210', 64, '在读硕士生', 0, 0, 0, 20, '否', 'bench'),
(79, 201205, '冲锋', '唐鑫', '男', '1120320216', 12, '在读博士生', 15, 0, 2, 20, '否', 'oncourt'),
(80, 201205, '冲锋', '刘晓光', '男', '', 23, '教师', 9, 0, 1, 45, '否', 'oncourt'),
(81, 201205, '冲锋', '梁森', '男', '', 33, '教师', 17, 0, 1, 55, '否', 'oncourt'),
(82, 201206, 'TonsofCal', '韩佳祥', '男', '', 2, '领队', 14, 0, 1, 20, '否', 'oncourt'),
(83, 201206, 'TonsofCal', '陶天一', '男', '', 4, '教练', 4, 0, 1, 45, '否', 'oncourt'),
(84, 201206, 'TonsofCal', '许伟杰', '男', '1120320211', 43, '在读本科生', 5, 0, 1, 20, '是', 'bench'),
(85, 201206, 'TonsofCal', '胡文俊', '男', '1120320115', 54, '在读硕士生', 5, 0, 2, 20, '否', 'bench'),
(86, 201206, 'TonsofCal', '袁华', '女', '1120320206', 42, '在读硕士生', 9, 0, 1, 20, '否', 'oncourt'),
(87, 201206, 'TonsofCal', '王培钧', '女', '1120320215', 25, '在读博士生', 7, 0, 0, 20, '否', 'oncourt'),
(88, 201206, 'TonsofCal', '王琳', '男', '1120320205', 65, '在读博士生', 0, 0, 0, 20, '否', 'bench'),
(89, 201206, 'TonsofCal', '王硕', '男', '', 7, '教师', 14, 0, 1, 45, '否', 'oncourt'),
(90, 201206, 'TonsofCal', '刘思宇', '男', '', 21, '教师', 18, 0, 5, 55, '否', 'fouledout');

-- --------------------------------------------------------

--
-- 表的结构 `playerstable20141216_201207_201208`
--

CREATE TABLE IF NOT EXISTS `playerstable20141216_201207_201208` (
  `PlayerID` int(11) NOT NULL DEFAULT '0',
  `TeamID` int(6) DEFAULT NULL,
  `Team` varchar(45) DEFAULT NULL,
  `Name` varchar(45) NOT NULL,
  `Sex` varchar(45) NOT NULL,
  `StudentID` varchar(45) DEFAULT NULL,
  `Number` int(11) NOT NULL,
  `Position` varchar(45) NOT NULL,
  `Score` int(11) NOT NULL DEFAULT '0',
  `NumberOfMatches` int(11) NOT NULL DEFAULT '0',
  `Fouls` int(11) NOT NULL DEFAULT '0',
  `Age` int(3) NOT NULL DEFAULT '20',
  `IsSHB` varchar(4) NOT NULL DEFAULT '否',
  `State` varchar(45) DEFAULT 'bench'
) ENGINE=MyISAM DEFAULT CHARSET=utf8;

--
-- 转存表中的数据 `playerstable20141216_201207_201208`
--

INSERT INTO `playerstable20141216_201207_201208` (`PlayerID`, `TeamID`, `Team`, `Name`, `Sex`, `StudentID`, `Number`, `Position`, `Score`, `NumberOfMatches`, `Fouls`, `Age`, `IsSHB`, `State`) VALUES
(91, 201207, 'BioNerd', '袁铭阳', '男', '', 2, '领队', 7, 0, 1, 20, '否', 'oncourt'),
(92, 201207, 'BioNerd', '杜怡飞', '男', '', 5, '教练', 6, 0, 1, 45, '否', 'oncourt'),
(93, 201207, 'BioNerd', '王延广', '男', '1120320118', 63, '在读本科生', 6, 0, 1, 20, '是', 'oncourt'),
(94, 201207, 'BioNerd', '蒋凯', '女', '1120320116', 32, '在读硕士生', 16, 0, 5, 20, '否', 'fouledout'),
(95, 201207, 'BioNerd', '王浩宇', '女', '1120320105', 12, '在读博士生', 7, 0, 0, 20, '否', 'oncourt'),
(96, 201207, 'BioNerd', '曲行', '男', '1120320103', 15, '在读博士生', 7, 0, 0, 20, '否', 'oncourt'),
(97, 201207, 'BioNerd', '薛野', '男', '', 23, '教师', 4, 0, 1, 45, '否', 'oncourt'),
(98, 201207, 'BioNerd', '靳梦兴', '男', '', 26, '教师', 5, 0, 1, 55, '否', 'oncourt'),
(99, 201207, 'BioNerd', '金亮', '男', '', 57, '教师', 4, 0, 1, 20, '否', 'oncourt'),
(100, 201208, '机器狂人', '王一舒', '男', '', 5, '领队', 4, 0, 1, 45, '否', 'oncourt'),
(101, 201208, '机器狂人', '李昊洋', '男', '', 54, '教练', 3, 0, 1, 20, '否', 'oncourt'),
(102, 201208, '机器狂人', '朱迪显', '男', '1120330105', 6, '在读本科生', 3, 0, 2, 20, '否', 'oncourt'),
(103, 201208, '机器狂人', '陈晓敏', '男', '1120330108', 87, '在读本科生', 4, 0, 3, 20, '是', 'oncourt'),
(104, 201208, '机器狂人', '高鸣岐', '男', '1120330103', 76, '在读本科生', 4, 0, 1, 20, '是', 'oncourt'),
(105, 201208, '机器狂人', '江应斌', '男', '1120330107', 23, '在读博士生', 15, 0, 5, 20, '否', 'fouledout'),
(106, 201208, '机器狂人', '吴志伟', '男', '', 26, '教师', 1, 0, 1, 20, '否', 'oncourt'),
(107, 201208, '机器狂人', '朱骅', '男', '', 64, '教师', 2, 0, 1, 45, '否', 'oncourt'),
(108, 201208, '机器狂人', '代江', '男', '', 62, '教师', 6, 0, 1, 55, '否', 'oncourt');

-- --------------------------------------------------------

--
-- 表的结构 `schedule`
--

CREATE TABLE IF NOT EXISTS `schedule` (
  `Index` int(11) NOT NULL AUTO_INCREMENT,
  `Time` varchar(45) NOT NULL,
  `Place` varchar(45) NOT NULL,
  `HomeTeamID` varchar(45) NOT NULL,
  `AwayTeamID` varchar(45) NOT NULL,
  PRIMARY KEY (`Index`)
) ENGINE=MyISAM  DEFAULT CHARSET=utf8 AUTO_INCREMENT=14 ;

--
-- 转存表中的数据 `schedule`
--

INSERT INTO `schedule` (`Index`, `Time`, `Place`, `HomeTeamID`, `AwayTeamID`) VALUES
(7, '2014-2-12 10:10', '篮球馆2号场', '201201', '201204'),
(12, '2014-9-21 10:11', '篮球馆5号场', '201201', '201204');

-- --------------------------------------------------------

--
-- 表的结构 `team`
--

CREATE TABLE IF NOT EXISTS `team` (
  `ID` varchar(6) NOT NULL,
  `Name` varchar(45) NOT NULL,
  `PSW` varchar(45) NOT NULL,
  `Lab` varchar(90) NOT NULL,
  `PlayerNum` int(11) NOT NULL DEFAULT '0',
  PRIMARY KEY (`ID`),
  UNIQUE KEY `Name` (`Name`)
) ENGINE=MyISAM DEFAULT CHARSET=utf8;

--
-- 转存表中的数据 `team`
--

INSERT INTO `team` (`ID`, `Name`, `PSW`, `Lab`, `PlayerNum`) VALUES
('201201', '必胜智能', '1201', '智能接口与人机交互研究中心', 10),
('201204', '热热火', '1204', '计算机网络与信息安全技术研究中心', 9),
('201205', '冲锋', '1205', '容错与移动计算研究中心', 9),
('201203', 'SummerGeek', '1203', '企业与服务智能计算研究中心', 10),
('201202', '冲破云霄', '1202', '语言技术研究中心', 9),
('201206', 'TonsofCal', '1206', '海量数据计算研究中心', 9),
('201207', 'BioNerd', '1207', '生物信息学研究中心', 9),
('201208', '机器狂人', '1208', '多智能体机器人研究中心', 9);
